{
  "1": [1],
  "2": ["I would like feedback on the clarity of my argument and whether my analysis is strong enough. I also struggled with organizing some sections."],
  "3": ["I describe the image in the second paragraph, highlighting its key features. I think I could add more details to make it clearer for readers who can't see it."],
  "4": ["I analyze the image in the third and fourth paragraphs. I believe I interpret its meaning well, but I might need to go deeper in some areas."],
  "5": ["I raise a question about the image’s intended message in the fifth paragraph. I think this could be expanded further."],
  "6": ["I argue that the image conveys a strong emotional message about social issues. My claim is specific and debatable, but I might need to refine it further."],
  "7": ["I use evidence from the image itself and references to similar works. I need to ensure my citations are properly formatted."],
  "8": ["My analysis is mostly well-organized, but I may need to adjust the paragraph order to improve flow."],
  "9": ["Some of my sentences are too complex, making them harder to read. I will work on simplifying them for clarity."],
  "10": ["I like how my essay connects the image to a broader discussion. I think I did well in making my argument engaging."],
  "11": ["I learned that I need to improve organization and make my analysis more in-depth. Also, I should work on sentence clarity."]
}
