{
  "1": [1],
  "2": ["I would appreciate feedback on my argument structure. Does my thesis come across clearly, or does it need more refinement? Also, I’m not sure if my transitions between sections are smooth enough."],
  "3": ["I provide details about the case study in the second section of my paper, where I describe its background and key aspects. I think it's mostly clear, but I wonder if I need to add more context for readers who may not be familiar with the topic."],
  "4": ["In the third section, I analyze how the case study challenges common assumptions about my topic. I ask whether its outcomes suggest a broader trend or if it’s an exception, which I think helps deepen the analysis."],
  "5": ["My main argument is that the case study demonstrates how external factors can significantly influence outcomes in ways that are often overlooked. If this argument isn’t clear, I may need to refine my thesis statement to make it more direct."],
  "6": ["I use both primary sources from the case study and secondary research to support my argument. I think I’ve integrated them well, but I need to make sure I explain their relevance clearly in some sections. I also need to double-check my citations for consistency."],
  "7": ["There are a few long sentences that might be confusing, so I need to break them up for clarity. Also, I tend to overuse certain phrases, which I should work on varying."],
  "8": ["I think my introduction is effective because it provides a clear overview of the topic and why it matters. However, I might refine my hook to make it more engaging and ensure my thesis is as concise as possible."],
  "9": ["My conclusion summarizes my key points well, but it could be stronger in tying everything back to the bigger picture. I may add a final thought that leaves a lasting impression on the reader."],
  "10": ["I like that my essay presents a well-structured argument and includes strong examples. I also think I did a good job explaining the significance of my topic."],
  "11": ["I realized that I need to work on making my argument more concise and ensuring my analysis is as clear as possible. I also want to improve my transitions between sections to make my paper flow more smoothly."]
}
