{
    "title": ["Exploring the Use of Noun Clauses in Complex Sentences"],
    "box 1": ["The idea that we could finish the project ahead of schedule excites the team.\nWhat matters most is whether you can meet the deadline for the presentation.\nHow quickly you respond to emails shows your commitment to the work."],
    "box 2": ["I believe that we can achieve our goals if we work together.\nShe doubts whether they will be able to attend the meeting on time.\nThey asked if we could send them the report by Friday."],
    "box 3": ["We had a discussion about what should be the next steps for the project.\nI will update you on where the team is heading with the current task.\nThe manager briefed us on how we should handle customer complaints."],
    "box 4": ["The result of this research is what I will present to the board next week.\nThe decision about the new marketing strategy is what we have been waiting for.\nThe issue with the proposal is why the team is meeting today."]
}
