{
  "1": [1],
  "2": ["I would like feedback on whether my argument is compelling and clear. Specifically, I struggled with the structure of my second argument paragraph—does it flow logically? Also, are there any areas where my word choice or tone could be improved to better engage the reader?"],
  "3": ["I provide details about the current event in the introduction and expand on it in the second and third paragraphs. I believe it gives enough context for readers unfamiliar with the event, but I wonder if I need to add more background information to strengthen their understanding."],
  "4": ["My main argument is that social media companies should be held accountable for spreading misinformation, as their algorithms often amplify misleading content. To make this argument clearer, I could refine my thesis to make my stance even more explicit and ensure that each supporting point directly connects back to it."],
  "5": ["I use examples from recent news stories, expert opinions, and statistical data to support my argument. I think these pieces of evidence are strong, but I could incorporate more direct quotes to add credibility and make the argument more persuasive."],
  "6": ["I discuss alternative viewpoints in the fourth paragraph, where I acknowledge concerns about free speech and platform regulation. While I touch on these perspectives, I might need to expand on them more to show that I’ve fully considered counterarguments."],
  "7": ["One issue I noticed is that some of my sentences are too long, making them harder to follow. In my revision, I plan to break them into shorter, clearer sentences while maintaining a strong, persuasive tone."],
  "8": ["I think my opening is effective because it starts with a compelling statistic that grabs the reader’s attention. However, I might refine the transition from the hook to my thesis to make it even smoother."],
  "9": ["My conclusion restates my argument and offers a call to action, which makes it effective. However, I could make it stronger by tying it back to my introduction and leaving the reader with a thought-provoking question."],
  "10": ["I liked how I was able to present a strong argument with a clear stance while incorporating multiple perspectives. I also think my use of real-world examples helped make my op-ed more engaging."],
  "11": ["Through this self-assessment, I realized that I need to work on refining my thesis and improving the clarity of my argument. I also want to focus on making my transitions smoother so that my ideas flow more naturally."]
}
