{
  "1": [1],
  "2": ["I would like feedback on my main argument and whether it is clear. Also, I am unsure if my summary of Coyle's argument is strong enough."],
  "3": ["I summarize Coyle’s main argument in the introduction and provide details in the second paragraph. I think I could add more explanation for readers unfamiliar with the text."],
  "4": ["I define 'deep practice' and 'scaffolding' in the third paragraph, but I may need to clarify their connection to Coyle’s argument."],
  "5": ["In the fourth paragraph, I question whether Coyle’s ideas apply equally to all fields of learning. I think I could expand on this critique."],
  "6": ["My main argument is that while Coyle presents strong ideas about skill development, his argument lacks discussion of individual learning differences."],
  "7": ["I use quotes from Coyle’s text to support my argument, but I need to make sure they are smoothly integrated into my writing."],
  "8": ["Some of my sentences are a bit long and could be clearer. I will work on breaking them up and making my points more direct."],
  "9": ["I liked how I connected Coyle’s ideas to real-life examples. It made my analysis more engaging."],
  "10": ["I learned that I need to be clearer in explaining my argument and making my critique stronger. I also need to improve my sentence structure."]
}
