{
    "title": ["Unreal and Mixed Conditionals Project"],
    "box 1": [
        "If I were the president, I would make education a top priority.",
        "If she studied more, she would pass the exam with ease.",
        "If we had more time, we could travel to Europe this summer."
    ],
    "box 2": [
        "If I had known about the meeting, I would have attended.",
        "If he had taken the job offer, he would have been living in New York now.",
        "If they had listened to the advice, they wouldn't have failed the project."
    ],
    "box 3": [
        "If I had saved more money, I would be traveling the world now.",
        "If she had studied harder in the past, she would be a successful doctor now.",
        "If we had arrived earlier, we would be enjoying the concert right now."
    ],
    "box 4": [
        "If you hurry, you can still catch the last train.",
        "Hurry up and you can still catch the last train."
    ]
}
