{
    "title": ["Real and Unreal Conditionals with Noun Clauses"],
    "box 1": ["I wonder whether she has ever visited that museum before."],
    "box 2": [
        "If it rains tomorrow, we'll have to postpone the outdoor event.",
        "She will join us for the meeting only if she finishes her report.",
        "I will get a coffee if you want one too.",
        "If you study hard, you'll pass the test."
    ],
    "box 3": [
        "You can stay here as long as you respect the house rules.",
        "I will help you unless I have to attend another meeting.",
        "I won't be able to help unless you provide more details."
    ],
    "box 4": [
        "I wish that I could travel to Japan this year.",
        "He wishes that he had taken the opportunity to work abroad."
    ]
}
